<?xml version="1.0" encoding="UTF-8"?><rss version="2.0"
	xmlns:content="http://purl.org/rss/1.0/modules/content/"
	xmlns:wfw="http://wellformedweb.org/CommentAPI/"
	xmlns:dc="http://purl.org/dc/elements/1.1/"
	xmlns:atom="http://www.w3.org/2005/Atom"
	xmlns:sy="http://purl.org/rss/1.0/modules/syndication/"
	xmlns:slash="http://purl.org/rss/1.0/modules/slash/"
	>

<channel>
	<title>Short Life</title>
	<atom:link href="/feed" rel="self" type="application/rss+xml" />
	<link>/</link>
	<description></description>
	<lastBuildDate>Fri, 27 Dec 2024 15:00:55 +0000</lastBuildDate>
	<language>en-US</language>
	<sy:updatePeriod>
	hourly	</sy:updatePeriod>
	<sy:updateFrequency>
	1	</sy:updateFrequency>
	<generator>https://wordpress.org/?v=6.6.2</generator>
	<item>
		<title>Stacktris</title>
		<link>/gs/stacktris.html</link>
					<comments>/gs/stacktris.html#respond</comments>
		
		<dc:creator><![CDATA[admin-pl]]></dc:creator>
		<pubDate>Fri, 27 Dec 2024 14:10:55 +0000</pubDate>
				<category><![CDATA[Animal Games]]></category>
		<category><![CDATA[Arcade Games]]></category>
		<category><![CDATA[Best Games]]></category>
		<category><![CDATA[Physics Games]]></category>
		<category><![CDATA[Top Charts]]></category>
		<guid isPermaLink="false">https://gamepizzatower.com/?p=5923</guid>

					<description><![CDATA[]]></description>
										<content:encoded><![CDATA[]]></content:encoded>
					
					<wfw:commentRss>/gs/stacktris.html/feed</wfw:commentRss>
			<slash:comments>0</slash:comments>
		
		
			</item>
	</channel>
</rss>
